{
  "scopeName": "source.mc",
  "patterns": [
    {
      "name": "comment.line.number-sign.tr",
      "match": "#.*$"
    },
    {
      "name": "keyword.control.tr",
      "match": "\\b(terminal_yazdır|eğer|değilse|kullanıcı_girdi|tekrar)\\b"
    },
    {
      "name": "keyword.other.tr",
      "match": "\\bdeğişken=\\b"
    },
    {
      "name": "string.quoted.double.tr",
      "begin": "\"",
      "end": "\""
    },
    {
      "name": "constant.numeric.tr",
      "match": "\\b\\d+\\b"
    },
    {
      "name": "keyword.operator.assignment.tr",
      "match": "="
    },
    {
      "name": "punctuation.definition.parameters.tr",
      "match": "[\\(\\)]"
    },
    {
      "name": "variable.name.tr",
      "match": "\\b[a-zA-Zçğüöşİ_][a-zA-Z0-9çğüöşİ_]*\\b"
    }
  ]
}